Politica	ndn-no-cache-no-mob	ndn-no-cache-no-mob-pollution	ndn-with-cache-no-mob	ndn-with-cache-no-mob-pollution 
ProAtivo	0.212137534787683	0.803949699471945	0.326057586841057	0.326243353143572
NaoProativo	0.212137534787683	0.326057586841057	0.326243353143572	0.326243353143572